<?xml version="1.0" encoding="UTF-8" standalone="no"?>
<?fileVersion 4.0.0?><cproject storage_type_id="org.eclipse.cdt.core.XmlProjectDescriptionStorage">
	<storageModule moduleId="org.eclipse.cdt.core.settings">
		<cconfiguration id="cdt.managedbuild.config.bupc.exe.debug.1835803785">
			<storageModule buildSystemId="org.eclipse.cdt.managedbuilder.core.configurationDataProvider" id="cdt.managedbuild.config.bupc.exe.debug.1835803785" moduleId="org.eclipse.cdt.core.settings" name="Debug">
				<externalSettings/>
				<extensions>
					<extension id="org.eclipse.cdt.core.ELF" point="org.eclipse.cdt.core.BinaryParser"/>
					<extension id="org.eclipse.cdt.core.GASErrorParser" point="org.eclipse.cdt.core.ErrorParser"/>
					<extension id="org.eclipse.cdt.core.GmakeErrorParser" point="org.eclipse.cdt.core.ErrorParser"/>
					<extension id="org.eclipse.cdt.core.GLDErrorParser" point="org.eclipse.cdt.core.ErrorParser"/>
					<extension id="org.eclipse.cdt.core.MakeErrorParser" point="org.eclipse.cdt.core.ErrorParser"/>
					<extension id="org.eclipse.cdt.core.VCErrorParser" point="org.eclipse.cdt.core.ErrorParser"/>
					<extension id="org.eclipse.cdt.core.CWDLocator" point="org.eclipse.cdt.core.ErrorParser"/>
					<extension id="org.eclipse.cdt.autotools.core.ErrorParser" point="org.eclipse.cdt.core.ErrorParser"/>
					<extension id="org.eclipse.cdt.core.GCCErrorParser" point="org.eclipse.cdt.core.ErrorParser"/>
				</extensions>
			</storageModule>
			<storageModule moduleId="cdtBuildSystem" version="4.0.0">
				<configuration artifactName="${ProjName}" buildArtefactType="org.eclipse.cdt.build.core.buildArtefactType.exe" buildProperties="org.eclipse.cdt.build.core.buildArtefactType=org.eclipse.cdt.build.core.buildArtefactType.exe,org.eclipse.cdt.build.core.buildType=org.eclipse.cdt.build.core.buildType.debug" cleanCommand="rm -rf" description="Debug configuration" id="cdt.managedbuild.config.bupc.exe.debug.1835803785" name="Debug" parent="cdt.managedbuild.config.bupc.exe.debug">
					<folderInfo id="cdt.managedbuild.config.bupc.exe.debug.1835803785." name="/" resourcePath="">
						<toolChain id="cdt.managedbuild.toolchain.bupc.exe.debug.396953265" name="Linux Berkeley UPC" superClass="cdt.managedbuild.toolchain.bupc.exe.debug">
							<targetPlatform id="cdt.managedbuild.target.bupc.platform.exe.debug.1644355813" name="Debug Platform" superClass="cdt.managedbuild.target.bupc.platform.exe.debug"/>
							<builder buildPath="${workspace_loc:/Askisi 03}/Debug" id="org.eclipse.cdt.managedbuilder.bupc.builder.exe.debug.1999994591" managedBuildOn="true" name="CDT Internal Builder.Debug" superClass="org.eclipse.cdt.managedbuilder.bupc.builder.exe.debug"/>
							<tool id="org.eclipse.cdt.managedbuild.tool.bupc.compiler.exe.debug.221906193" name="Berkeley UPC Compiler" superClass="org.eclipse.cdt.managedbuild.tool.bupc.compiler.exe.debug">
								<option defaultValue="true" id="bupc.ui.compiler.exe.debug.option.debug.794077872" superClass="bupc.ui.compiler.exe.debug.option.debug" valueType="boolean"/>
							</tool>
							<tool id="org.eclipse.cdt.managedbuild.tool.bupc.linker.exe.debug.2056715241" name="Berkeley UPC Linker" superClass="org.eclipse.cdt.managedbuild.tool.bupc.linker.exe.debug">
								<option defaultValue="true" id="bupc.ui.linker.exe.debug.option.debug.462232158" superClass="bupc.ui.linker.exe.debug.option.debug" valueType="boolean"/>
							</tool>
						</toolChain>
					</folderInfo>
				</configuration>
			</storageModule>
			<storageModule moduleId="org.eclipse.cdt.core.externalSettings"/>
		</cconfiguration>
		<cconfiguration id="cdt.managedbuild.config.bupc.exe.release.721145235">
			<storageModule buildSystemId="org.eclipse.cdt.managedbuilder.core.configurationDataProvider" id="cdt.managedbuild.config.bupc.exe.release.721145235" moduleId="org.eclipse.cdt.core.settings" name="Release">
				<externalSettings/>
				<extensions>
					<extension id="org.eclipse.cdt.core.ELF" point="org.eclipse.cdt.core.BinaryParser"/>
					<extension id="org.eclipse.cdt.core.GASErrorParser" point="org.eclipse.cdt.core.ErrorParser"/>
					<extension id="org.eclipse.cdt.core.GmakeErrorParser" point="org.eclipse.cdt.core.ErrorParser"/>
					<extension id="org.eclipse.cdt.core.GLDErrorParser" point="org.eclipse.cdt.core.ErrorParser"/>
					<extension id="org.eclipse.cdt.core.MakeErrorParser" point="org.eclipse.cdt.core.ErrorParser"/>
					<extension id="org.eclipse.cdt.core.VCErrorParser" point="org.eclipse.cdt.core.ErrorParser"/>
					<extension id="org.eclipse.cdt.core.CWDLocator" point="org.eclipse.cdt.core.ErrorParser"/>
					<extension id="org.eclipse.cdt.autotools.core.ErrorParser" point="org.eclipse.cdt.core.ErrorParser"/>
					<extension id="org.eclipse.cdt.core.GCCErrorParser" point="org.eclipse.cdt.core.ErrorParser"/>
				</extensions>
			</storageModule>
			<storageModule moduleId="cdtBuildSystem" version="4.0.0">
				<configuration artifactName="${ProjName}" buildArtefactType="org.eclipse.cdt.build.core.buildArtefactType.exe" buildProperties="org.eclipse.cdt.build.core.buildArtefactType=org.eclipse.cdt.build.core.buildArtefactType.exe,org.eclipse.cdt.build.core.buildType=org.eclipse.cdt.build.core.buildType.release" cleanCommand="rm -rf" description="Release configuration" id="cdt.managedbuild.config.bupc.exe.release.721145235" name="Release" parent="cdt.managedbuild.config.bupc.exe.release">
					<folderInfo id="cdt.managedbuild.config.bupc.exe.release.721145235." name="/" resourcePath="">
						<toolChain id="cdt.managedbuild.toolchain.bupc.exe.release.1646322709" name="Linux Berkeley UPC" superClass="cdt.managedbuild.toolchain.bupc.exe.release">
							<targetPlatform id="cdt.managedbuild.target.bupc.platform.exe.release.1878418157" name="Debug Platform" superClass="cdt.managedbuild.target.bupc.platform.exe.release"/>
							<builder buildPath="${workspace_loc:/Askisi 03}/Release" id="org.eclipse.cdt.managedbuilder.bupc.builder.exe.release.1378290989" managedBuildOn="true" name="CDT Internal Builder.Release" superClass="org.eclipse.cdt.managedbuilder.bupc.builder.exe.release"/>
							<tool id="org.eclipse.cdt.managedbuild.tool.bupc.compiler.exe.release.1430534947" name="Berkeley UPC Compiler" superClass="org.eclipse.cdt.managedbuild.tool.bupc.compiler.exe.release"/>
							<tool id="org.eclipse.cdt.managedbuild.tool.bupc.linker.exe.release.1790280983" name="Berkeley UPC Linker" superClass="org.eclipse.cdt.managedbuild.tool.bupc.linker.exe.release"/>
						</toolChain>
					</folderInfo>
				</configuration>
			</storageModule>
		</cconfiguration>
	</storageModule>
	<storageModule moduleId="cdtBuildSystem" version="4.0.0">
		<project id="Askisi 03.cdt.managedbuild.target.bupc.exe.1935368381" name="Executable" projectType="cdt.managedbuild.target.bupc.exe"/>
	</storageModule>
	<storageModule moduleId="scannerConfiguration">
		<autodiscovery enabled="true" problemReportingEnabled="true" selectedProfileId=""/>
	</storageModule>
	<storageModule moduleId="org.eclipse.cdt.core.LanguageSettingsProviders"/>
</cproject>
